K, Success Rate, BER
4,97.9,0.640625
5,99,0.403125
6,97.5,0.878125
7,98.5,0.425
8,98.3,0.48125
9,98.9,0.325
10,98.5,0.23125
