K, Success Rate, BER
4,0,51.6094
5,0,48.3187
6,0,50.775
7,98,0.753125
8,98.7,0.396875
9,99.2,0.2
10,98.5,0.20625
